4085,A
4346,A
3550,A
5931,A
1222,A
145,A
1419,A
5761,A
4069,A
4438,A
4789,A
604,A
5736,A
4039,A
1037,A
802,A
3602,A
1644,A
3166,A
4031,A
2007,A
5935,A
526,A
1696,A
2670,A
1036,A
2400,A
829,A
5727,A
4821,A
1005,A
5887,A
3373,A
442,A
1690,A
407,A
4361,A
3537,A
4582,A
2053,A
788,A
2136,A
6168,A
3123,A
5752,A
3061,A
2216,A
2885,A
2527,A
5649,A
2568,A
2171,A
5899,A
694,A
4592,A
2401,A
5351,A
3795,A
1329,A
65,A
4369,A
4120,A
744,A
155,A
4977,A
1814,A
3672,A
2840,A
397,A
5579,A
3642,A
476,A
2098,A
6084,A
5338,A
4561,A
392,A
856,A
2948,A
2309,A
5818,A
2101,A
483,A
3840,A
791,A
5115,A
1847,A
3880,A
1961,A
2194,A
2463,A
4974,A
3846,A
2579,A
895,A
2619,A
360,A
4607,A
839,A
4198,A
2026,A
1122,A
4175,A
871,A
5479,A
5309,A
3415,A
3982,A
591,A
3617,A
6040,A
4732,A
308,A
4305,A
4544,A
6042,A
5788,A
4819,A
2202,A
4479,A
1356,A
4384,A
3586,A
5612,A
3467,A
2200,A
193,A
3524,A
5092,A
3999,A
2145,A
2739,A
1837,A
3525,A
2238,A
1662,A
5611,A
3555,A
12,A
824,A
3410,A
2591,A
4907,A
636,A
4706,A
1757,A
2033,A
5055,A
3556,A
5921,A
2570,A
5186,A
1083,A
1941,A
49,A
722,A
2114,A
1548,A
2428,A
310,A
5950,A
5958,A
1470,A
544,A
4315,A
1661,A
1364,A
16,A
874,A
2181,A
4853,A
1457,A
11,A
4194,A
1592,A
616,A
4914,A
5389,A
3838,A
2545,A
5403,A
5753,A
4890,A
160,A
1577,A
4724,A
478,A
4049,A
5637,A
4811,A
5553,A
109,A
2539,A
3835,A
6215,A
4123,A
1584,A
561,A
1980,A
5493,A
36,A
5809,A
2958,A
4059,A
1065,A
4396,A
5305,A
4815,A
2467,A
789,A
1148,A
3606,A
1414,A
273,A
4235,A
3100,A
2499,A
640,A
2961,A
2971,A
4084,A
2512,A
1733,A
620,A
1473,A
6103,A
3159,A
5641,A
1653,A
1987,B
3723,B
4040,B
3624,B
1189,B
4254,B
2673,B
4019,B
3514,B
4552,B
4690,B
5882,B
2279,B
2133,B
355,B
5800,B
2714,B
3438,B
249,B
5406,B
3137,B
3722,B
5744,B
1427,B
2867,B
3981,B
3351,B
4052,B
4631,B
5022,B
5602,B
6152,B
4818,B
4014,B
1802,B
2914,B
6104,B
1399,B
5459,B
3958,B
4208,B
872,B
4447,B
2440,B
1820,B
1211,C
1586,C
3668,C
5876,C
2844,C
5112,C
3105,C
652,C
3802,C
1691,C
4360,C
1597,C
5292,C
4184,C
2926,C
1088,C
2682,C
2922,C
226,C
1180,C
2492,C
3904,C
4950,C
3762,C
4498,C
4838,C
5298,C
1755,C
2090,C
3384,C
1877,C
4316,C
5181,C
5554,C
5213,C
1468,C
1824,C
5889,C
1270,C
3976,C
3036,C
907,C
2461,C
413,C
1942,C
3251,C
31,C
2719,C
556,C
2726,C
4373,C
3830,C
437,C
2125,C
2253,C
3133,C
809,C
3804,C
531,C
5939,C
4133,C
1887,C
2387,C
13,C
2913,C
3734,C
5570,C
5098,C
1444,C
4115,C
3022,C
4253,C
5242,C
35,C
3198,C
2177,C
3713,C
2864,C
3103,C
770,C
5015,C
268,C
541,C
1821,C
5970,C
1323,D
5934,D
5138,D
3080,D
5480,D
4513,D
1505,D
6160,D
2214,D
866,D
3219,D
577,D
834,D
520,D
5312,D
5497,D
5455,D
1774,D
2671,D
3756,D
5655,D
5250,D
4980,D
4647,D
5803,D
2193,D
5984,D
1482,D
1089,D
4379,D
521,D
2728,D
2655,D
3690,D
5492,D
778,D
3792,D
165,D
2291,D
1351,D
5783,D
2924,D
888,D
3043,D
602,D
348,D
2482,D
5601,D
2022,D
2915,D
3206,D
2610,D
6106,D
6047,D
3593,D
4021,D
2815,D
22,D
1604,D
1861,D
2052,D
4201,D
2067,D
4250,D
1751,D
3562,D
4873,D
5656,D
5326,D
275,D
5184,D
2505,D
639,D
5576,D
4859,D
2691,D
1713,D
6053,D
5953,D
1134,D
2474,D
1917,D
4228,E
6079,E
4318,E
2166,E
3793,E
2187,E
28,E
1660,E
714,E
2937,E
497,E
2307,E
5705,E
3488,E
718,E
2590,E
1247,E
5868,E
2447,E
3060,E
1322,E
4291,E
2725,E
776,E
5215,E
2810,E
1734,E
4182,E
2144,E
5327,E
5859,E
5064,E
5386,E
5937,E
1454,E
3472,E
1295,E
6124,E
288,E
1656,E
6235,E
1809,E
2284,E
237,E
3784,E
4415,E
2158,E
2418,E
2611,E
2759,E
3485,E
1897,E
2969,E
2393,E
811,E
4041,E
5622,E
6223,E
5539,E
1042,E
925,E
5376,E
3740,E
3529,E
1520,E
1282,E
3042,E
4779,E
6049,E
5209,E
5835,E
2046,E
4296,E
4650,E
3956,E
3471,E
258,E
1288,E
540,E
1201,E
3128,E
730,E
5097,E
334,E
118,E
6228,E
5504,E
6220,E
4016,E
2192,E
1884,E
6134,E
664,E
2373,E
4554,E
4700,E
862,E
4860,E
614,E
5667,E
1959,E
315,E
4386,E
4227,E
106,E
3088,E
1558,E
2551,E
3969,E
745,E
1547,E
3009,E
1640,E
3572,E
6004,E
2807,E
1591,E
4299,E
1822,E
27,E
5621,E
5509,E
4665,E
2936,E
2799,E
4015,E
5341,E
1113,E
5040,E
1459,E
2821,E
575,E
2943,E
4334,E
3967,E
187,E
4139,E
4494,E
4845,E
4614,E
3273,E
6254,E
4549,E
3233,E
5266,E
4170,E
5559,E
4297,E
1162,E
4667,E
4412,E
2493,E
2366,E
5895,E
4749,E
6009,E
5051,E
6198,E
6192,E
78,E
3325,E
4082,E
2538,E
4128,E
1280,E
4882,E
1396,E
5626,E
4172,E
2563,E
753,E
5503,E
635,E
3200,E
6229,E
2300,E
2675,E
5704,E
5772,F
3054,F
2337,F
2444,F
3588,F
538,F
2602,F
3428,F
3831,F
4856,F
4954,F
198,F
2793,F
5577,F
1130,F
469,F
1233,F
2416,F
3704,F
1403,F
3293,F
5383,F
3247,F
1047,F
1227,F
3712,F
2454,F
2019,F
2479,F
1187,F
2116,F
2210,F
4307,F
480,F
607,G
2086,G
4336,G
5807,G
975,G
3016,G
3944,G
453,G
3329,G
5468,G
1649,G
3581,G
2154,G
2846,G
2564,G
3124,G
4134,G
5834,G
960,G
203,G
742,G
2494,G
5294,G
3667,G
3391,G
222,G
462,G
2314,G
409,G
1828,G
3574,G
5842,G
2341,G
4075,G
2321,G
5425,G
1257,G
3165,G
5019,G
3777,G
2078,G
5514,G
4790,G
3463,G
1128,G
423,G
5284,G
5592,G
5496,G
5121,G
286,G
589,G
1523,G
1016,G
1542,G
1345,H
1970,H
4273,H
4864,H
429,H
6005,H
772,H
45,H
956,H
4925,H
1668,H
116,H
3825,H
5545,H
4402,H
1513,H
138,H
5642,H
3596,H
823,H
3800,H
5589,H
2459,H
4945,H
3041,H
920,H
5980,H
1615,H
4895,H
2576,H
2509,H
4351,H
2533,H
2896,H
3884,H
1432,H
335,H
1655,H
5449,H
3430,H
5043,H
169,H
4915,H
2920,H
1355,H
29,H
1346,H
1599,H
4259,H
6165,H
985,H
4399,H
656,H
5600,H
847,H
5863,H
1749,H
3474,H
1195,H
5254,H
2353,H
2246,H
53,H
6148,H
2129,H
2766,H
1799,H
3021,H
5334,H
5325,H
529,H
3716,H
3878,H
1635,H
3116,H
2218,H
6150,I
2521,I
1935,I
4962,I
922,I
5253,I
2629,I
4570,I
2981,I
4742,I
4935,I
6194,I
4983,I
2597,I
5191,I
2620,I
5400,I
5573,I
5150,I
5131,I
727,I
6069,I
1326,I
1082,I
3102,I
1869,I
685,I
3811,I
971,I
152,I
18,I
4032,I
3918,I
2269,I
4693,I
5741,I
984,I
4529,I
5737,I
523,I
5992,I
1939,I
2153,I
3459,I
4324,I
3366,I
748,I
2986,I
3778,I
5508,I
5613,I
1587,I
5441,I
4431,I
4537,I
1017,I
634,I
4697,I
4311,I
3801,I
5453,I
3773,I
5973,I
2732,I
3400,I
769,I
1124,I
3633,I
4005,I
4591,I
2677,I
375,I
3850,I
927,I
2484,I
3336,I
3367,I
256,I
4178,I
6280,I
2964,I
2869,I
876,I
3518,I
3131,I
3736,I
4425,I
326,I
6270,I
4057,I
2095,I
1330,I
865,I
2285,I
5715,I
5415,I
2241,I
5103,I
2075,I
6030,I
4113,I
60,I
4023,I
1465,I
372,I
4794,I
3448,I
2523,I
6043,I
1855,I
3174,I
5885,I
5760,I
5784,I
5595,I
171,I
1380,I
6178,I
5125,I
5696,I
842,I
4562,I
3790,I
5725,I
1359,I
2091,I
6085,I
5838,I
5829,I
737,I
2001,I
3573,I
2123,I
3788,I
5188,I
6164,J
5731,J
96,J
4560,J
4265,J
1461,J
2741,J
3275,J
4548,J
1010,J
3964,J
2933,J
4704,J
697,J
5391,J
5883,J
2932,J
4734,J
768,J
4892,J
1278,J
1251,J
3308,J
3855,J
3389,J
4359,J
1250,K
1573,K
2335,K
4975,K
4725,K
1711,K
5028,K
4760,K
1480,K
1534,K
6114,K
3067,K
1654,K
5702,K
2308,K
2510,K
5218,K
5884,K
1747,K
3968,K
4846,K
9,K
3705,K
585,K
2257,K
3382,K
3032,K
4566,K
1578,K
1029,K
2110,K
750,K
2310,K
2642,L
6143,L
4001,L
5495,L
2910,L
2608,L
3246,L
4571,L
3787,L
1397,L
417,L
1078,L
3145,L
1576,L
3152,L
5972,L
3026,L
6157,L
4586,L
3119,L
566,L
1568,L
3816,L
495,L
363,L
3164,L
154,L
3380,L
3651,L
3151,L
2686,L
2130,L
330,L
4354,L
558,L
5707,L
5036,L
2037,L
157,L
2173,L
5433,L
5410,L
1026,L
1401,L
3482,L
3290,L
570,L
2882,L
1590,L
3917,L
6278,L
1924,L
4285,L
5314,L
3337,L
4511,L
4127,L
798,L
593,L
5905,L
3768,L
5245,L
3069,L
2747,L
3369,L
5651,L
2137,L
3530,L
4710,L
3832,L
3509,L
587,L
5643,L
5021,L
428,L
4439,L
3686,L
4958,L
3923,L
2232,L
3721,L
3863,L
3264,L
1552,L
2302,M
5828,M
2068,M
2352,M
494,M
5261,M
1388,M
2572,M
4539,M
5755,M
2205,M
4211,M
4510,M
921,M
3861,M
1230,M
2676,M
3477,M
2857,M
2248,M
4670,M
5435,M
5483,M
4153,M
4083,M
421,M
848,M
5319,M
411,M
2371,M
4808,M
4509,M
868,M
751,M
864,M
2156,M
2967,M
6014,M
405,M
1754,M
5754,M
368,M
4673,M
1974,M
3986,M
1562,M
5296,M
906,M
828,M
4942,M
5401,M
4717,M
4827,M
792,M
264,M
2888,M
1136,M
2774,M
3610,M
1960,M
3953,M
220,M
4949,M
2550,N
2773,N
26,N
2266,N
5173,N
2497,N
632,N
5484,N
631,N
4957,N
4463,N
1738,N
6038,N
262,N
5740,N
5832,N
3362,N
5440,N
2508,N
1238,N
6279,N
5791,N
3279,N
3731,N
3879,N
6118,N
3931,N
1320,N
3379,N
5653,N
3314,N
3510,N
6177,N
4145,N
4951,N
4261,N
4692,N
741,N
1337,N
959,N
5574,N
3820,N
4169,N
2787,N
3020,N
3440,N
6282,N
3213,N
4594,N
2674,N
1725,N
4747,N
4340,N
2452,N
4445,N
1309,N
702,N
5211,N
3192,N
5412,N
6206,N
33,N
484,N
2074,N
4835,N
2370,N
223,N
5811,N
2326,N
2581,N
412,N
6060,N
5416,N
2058,N
5364,N
3520,N
367,N
785,N
4766,N
914,N
3063,N
316,N
1051,N
3886,N
5581,N
5204,N
3245,N
4655,N
1055,N
4587,N
5597,N
5269,N
5356,N
4486,N
6166,N
5588,N
6184,N
2593,N
3845,N
4206,N
2368,N
1243,N
1901,N
2413,N
263,N
4478,N
4112,N
4531,N
4932,N
6078,N
1165,N
1561,N
1721,N
6185,N
2647,N
4312,N
5677,N
4214,N
164,N
5068,N
4269,N
3564,N
6171,N
3007,N
2458,N
1816,N
597,N
4406,N
1556,N
3887,N
5893,N
75,N
2813,N
2209,N
4891,N
4391,N
4278,N
4902,N
90,N
5082,O
1744,O
4225,O
2984,O
346,O
380,O
252,O
3607,O
5519,O
3727,O
4246,O
1321,O
3377,O
5648,O
5924,O
2151,O
1950,O
625,O
4013,O
3460,O
1487,O
91,O
5646,O
3397,O
2160,O
5063,O
4036,O
4920,O
4659,O
3938,O
1889,O
3676,O
725,O
1066,O
4723,O
2962,O
4713,O
5490,O
2017,O
487,O
5971,O
3859,O
2637,O
2020,O
1146,O
5101,O
2111,O
4522,O
4279,O
1041,O
2975,O
4150,O
1605,O
6276,O
1506,O
1413,O
6077,O
479,O
4658,O
3576,O
1992,O
4969,O
2135,O
4458,O
3317,O
3966,O
5171,O
3643,O
1258,O
5275,O
1511,O
4899,O
3155,O
1775,O
5048,O
2502,O
4761,O
2951,O
1408,O
1805,O
5324,O
393,O
3193,O
2028,O
5644,O
5005,O
2878,O
1648,O
3202,O
4326,O
1031,O
3534,O
1863,O
771,O
3408,O
4467,O
5718,O
4500,O
5050,O
993,O
3426,O
1674,O
3621,O
62,O
451,O
4419,O
3256,O
5502,O
39,O
4694,O
2138,O
5710,O
2689,O
3449,O
840,O
3402,O
1739,O
3501,O
312,O
4087,O
400,O
3108,O
1627,O
2604,O
151,O
379,O
4928,O
5128,O
3776,O
3559,O
133,O
3312,O
4984,O
211,O
331,O
5152,O
1416,O
4894,O
3735,O
2226,O
5475,O
4294,O
477,O
4911,O
2346,O
2274,P
1819,P
4144,P
1152,P
4189,P
5402,P
3630,P
1904,P
390,P
4602,P
1633,P
651,P
894,P
3085,P
2770,P
1572,P
6097,P
1952,P
2189,P
584,P
795,P
4428,P
5436,P
3797,P
5849,P
1283,P
3603,P
2921,P
2121,P
5102,P
2405,P
5371,P
5454,P
1075,P
4217,P
4508,P
1823,P
1334,P
3414,P
869,P
1101,P
1217,P
3078,P
1054,P
4788,P
1669,P
2988,P
6281,P
4971,P
800,P
6257,P
4621,P
3689,P
4741,P
5548,P
3057,P
4280,P
3866,P
3269,P
5719,P
449,P
1817,P
3035,P
1973,P
2947,P
2069,Q
3615,Q
4997,Q
6090,Q
2170,Q
3519,Q
1234,Q
4939,Q
3860,Q
3909,Q
6075,R
6070,R
5932,R
5933,R
68,R
518,R
1580,R
1514,R
3347,R
2972,R
5418,R
4705,R
4844,R
4898,R
6181,R
4729,R
1449,R
3024,R
4912,R
1302,R
4216,R
5332,R
4268,R
4918,R
542,R
2396,R
4649,R
5300,R
5146,R
4878,R
4777,R
1212,R
763,R
1786,R
2420,R
6018,R
3807,R
3161,R
3774,R
287,R
3401,R
935,R
4141,R
5505,R
2796,R
359,R
3223,R
596,R
2456,R
3970,R
6212,R
2468,R
2623,R
5619,R
2811,R
398,R
1794,R
3058,R
4333,R
4590,R
5738,R
2786,R
4017,R
5398,R
1360,R
4130,R
5272,R
1205,R
6248,R
3340,R
4155,R
3685,R
5787,R
1705,R
3843,R
5409,R
2213,R
123,R
1999,R
4843,R
1951,R
4212,R
170,R
463,R
724,R
3862,R
2476,R
3114,R
2567,R
2009,R
3143,R
5118,R
6091,R
6277,R
1862,R
4546,R
2968,R
1318,R
5395,R
3990,R
3158,R
710,R
3368,R
2010,R
1853,R
965,R
4056,R
3019,R
1811,R
5535,R
4828,R
3614,R
5026,R
3551,R
5526,R
6029,R
1678,R
5575,R
3277,R
5447,R
2886,R
650,R
4327,R
3664,R
4597,R
1560,R
3937,R
464,R
5691,R
3083,R
5624,R
4231,R
4624,R
576,R
1818,R
2768,R
1550,R
3741,R
1198,R
378,R
2188,R
554,R
1728,R
3332,R
2379,R
5903,R
3577,R
3899,R
47,R
4810,R
5185,R
4589,R
5067,R
2410,R
5430,S
191,S
2713,S
2779,S
559,S
833,S
1688,S
5855,S
5013,S
5095,S
5805,S
1174,S
2354,S
3570,S
2229,S
6007,S
4901,S
92,S
6273,S
5078,S
3613,S
4671,S
4078,S
3144,S
2327,S
2382,S
2256,S
4375,S
2880,S
1730,S
5961,S
95,S
1745,S
5375,S
2014,S
3483,S
4030,S
4076,S
1618,S
5795,S
2785,S
285,S
5606,S
5618,S
3789,S
5746,S
5370,S
6183,S
2722,S
5486,S
5444,S
5507,S
5478,S
3387,S
1259,S
1595,S
3075,S
1839,S
4941,S
5962,S
1900,S
1231,S
1096,S
4205,S
942,S
1362,S
5231,S
4651,S
3147,S
4313,S
2837,S
3023,S
108,S
278,S
3748,S
5778,S
5771,S
3779,S
1038,S
3891,S
3707,S
623,S
130,S
716,S
5288,S
5303,S
4012,S
4368,S
3098,S
3117,S
3882,S
4320,S
5304,S
4746,S
6209,S
5387,S
2669,S
2805,S
5711,S
4784,S
4738,S
4221,S
4135,S
4151,S
4452,S
3889,S
419,S
4124,S
2449,S
2392,S
5525,S
6111,S
5045,S
5745,S
2895,S
4488,S
345,S
3310,S
4791,S
5529,S
3694,S
5534,S
3345,S
2851,S
401,S
1110,S
5872,S
5531,S
4323,S
794,S
6260,S
5748,S
5165,S
2501,S
1910,S
905,T
845,T
4126,T
5290,T
4376,T
926,T
1325,T
4432,T
120,T
989,T
1666,T
4730,T
932,T
4879,T
5053,T
4440,T
4132,T
2268,T
6087,T
3370,T
129,T
818,T
2228,T
5306,T
2036,T
391,T
1936,T
1891,T
2717,T
1671,T
5662,T
2959,T
5216,T
2402,T
5682,T
3997,T
1157,T
2522,T
1452,T
4517,T
2198,T
5500,T
3782,T
3571,T
3142,T
2119,T
5841,T
2749,T
1880,T
5378,T
1831,T
514,T
5466,T
5385,T
4365,T
6224,T
5837,T
2683,T
6196,T
6013,T
3770,T
1002,T
4963,T
6037,T
3513,T
1842,T
2311,T
2389,T
4341,T
2633,T
4507,T
1145,T
5023,T
3469,T
3352,T
1806,T
930,T
3725,T
217,T
1641,T
505,T
4799,T
4401,T
6258,T
2631,T
162,T
4638,T
3516,T
1947,T
2754,T
4374,T
2159,T
683,T
2220,T
1373,T
3626,T
1299,T
756,T
3724,T
1314,T
34,T
4163,T
5524,T
1933,T
4580,T
5563,T
3612,T
1464,T
3139,T
5610,T
2743,T
176,T
1581,T
1630,T
6187,T
909,T
4188,T
1317,T
370,T
1044,T
80,T
2064,T
2562,T
2325,T
3490,T
4481,T
5491,T
1456,T
3971,U
213,U
5083,U
1425,U
3321,U
1740,U
4270,U
5237,U
808,U
2283,U
1731,U
4476,U
3813,U
5695,U
1710,U
5831,U
2350,U
1040,U
4453,U
5393,U
1875,U
893,U
3638,U
5111,U
1990,U
2868,U
691,U
2707,U
5365,U
3126,U
1619,U
2340,U
3435,U
661,U
5106,U
2296,U
5318,U
2784,U
1835,U
3235,U
5639,U
532,V
3717,V
4695,V
1768,V
2099,V
3708,V
2526,V
6099,V
2175,V
5340,V
4948,V
557,V
3848,V
2184,V
2500,V
3184,V
3013,V
1629,V
1525,V
2831,V
6205,V
3560,V
1672,V
4763,V
3271,V
3210,V
3557,V
1874,V
875,V
5446,V
2540,V
2313,V
1750,W
493,W
2431,W
1132,W
1650,W
37,W
4727,W
3073,W
1706,W
323,W
1386,W
5392,W
2835,W
3754,W
4022,W
321,W
221,W
5759,W
1870,W
3592,W
633,W
5077,W
967,W
4159,W
2003,W
644,W
2276,W
5133,W
4718,X
4931,X
2263,X
2470,X
5516,X
4783,X
5099,X
1516,X
1719,X
1651,X
5195,X
4775,X
5699,X
5301,X
2249,X
1398,X
3481,X
1057,X
502,X
3877,X
5354,X
5777,Y
2802,Y
3942,Y
1934,Y
3636,Y
2105,Y
3890,Y
3371,Y
4807,Y
5316,Y
592,Y
2016,Y
2422,Y
4026,Y
1011,Y
2801,Y
2261,Y
2312,Y
1894,Y
1471,Y
1585,Y
1086,Y
2701,Y
2618,Y
3974,Y
6110,Y
2887,Y
6141,Z
1190,Z
3575,Z
4516,Z
5407,Z
4044,Z
3175,Z
4096,Z
1264,Z
3006,Z
3709,Z
4347,Z
2993,Z
5270,Z
3934,Z
695,a
693,a
1930,a
2178,a
6241,a
3688,a
5799,a
641,a
3542,a
1163,a
2698,a
2664,a
5917,a
3216,a
382,a
159,a
2556,a
2243,a
4148,a
2718,a
4496,a
1300,a
1438,a
1920,a
6027,a
1483,a
5196,a
5226,a
2364,a
1628,a
4608,a
166,a
5790,a
3422,a
2342,a
5743,a
3876,a
2645,a
5728,a
4825,a
3287,a
6088,a
1166,a
5847,a
4857,a
5892,a
6135,a
1541,a
1306,a
5880,a
4804,a
4457,a
4556,a
2595,a
2775,a
3620,a
1976,a
3794,a
2817,a
3847,a
3052,a
4792,a
2696,a
2600,a
5583,a
3991,a
822,a
2865,a
2369,a
4168,a
5598,a
1418,a
5452,a
2432,a
43,a
4088,a
1631,a
2472,a
4633,b
6137,b
143,b
2592,b
4389,b
1537,b
5246,b
4888,b
4603,b
3543,b
1871,b
4209,b
519,c
2378,c
2624,c
5870,c
3517,c
1856,c
3907,c
2752,c
4154,c
3132,c
1693,c
843,c
4833,c
5177,c
67,c
3432,c
2697,c
1383,c
3183,c
2096,c
4427,c
6163,c
5951,c
5420,c
2081,c
2795,c
5942,d
5687,d
5720,d
5282,d
2827,d
5945,d
4477,d
1746,d
2871,d
2297,d
146,d
2025,d
2653,d
1829,d
3207,d
4682,d
4181,d
3531,d
1277,d
4876,d
1737,d
3238,d
2117,d
4934,d
3478,d
2100,d
2565,d
4787,e
5417,e
2965,e
1608,e
3201,e
184,e
2084,e
3757,e
2199,e
5205,e
1527,e
1123,e
2208,e
1488,e
997,e
86,e
124,e
5668,e
2583,e
5168,e
1610,e
4230,e
5149,e
5381,e
3162,e
242,e
999,e
690,e
1624,e
3130,e
1888,e
5523,e
777,e
2606,e
3940,e
3025,e
1679,e
4456,e
1998,e
4854,e
1344,e
1530,e
1531,e
446,e
1281,e
5638,e
1883,e
6179,e
4219,e
5680,e
46,e
2450,e
628,e
4567,e
4295,e
5735,e
3305,e
4861,e
3857,e
4740,e
2678,e
3465,e
5657,e
3580,e
752,e
4533,e
3932,e
4875,e
107,e
1680,e
4967,e
2925,e
4657,e
4048,e
3203,e
4218,e
4618,e
3914,e
5310,e
945,e
5104,e
1479,e
852,e
3875,e
3965,e
2215,e
3901,e
3504,e
5343,e
3528,e
2323,e
1984,e
1702,e
6221,e
6213,e
2818,e
6175,e
4094,e
563,f
3589,f
3434,f
1781,f
5706,f
5608,f
910,f
4758,f
765,f
560,f
5833,f
1769,f
2823,f
3552,f
1033,g
2585,g
3306,g
815,g
3763,g
5511,g
5629,g
3190,g
5442,g
3180,g
2897,g
4973,g
3503,g
1509,g
5565,g
244,g
3416,h
1785,h
6250,h
5762,h
6202,h
5315,h
1782,h
2513,h
1896,h
5042,h
5404,h
4972,h
1742,h
3693,h
1372,h
1492,h
4275,h
1090,h
5107,h
3003,h
4830,h
5652,h
5263,i
2607,i
937,i
1915,i
5891,i
5928,i
4869,i
1379,i
2615,i
344,i
38,i
5243,i
4066,i
1689,i
978,i
3053,i
2478,i
6086,i
3786,i
931,i
5120,i
5339,i
3087,i
3027,i
590,i
3357,i
4043,i
4328,i
3189,i
5879,i
3195,i
2750,i
2504,i
501,i
814,i
6068,i
2237,i
4267,i
1024,i
2322,i
4367,i
6195,i
2641,i
6268,i
2665,i
525,i
2803,i
4897,i
2080,i
1429,i
896,i
958,i
2473,i
3038,i
2391,i
276,i
6236,i
1176,i
1276,i
5770,i
1092,i
1116,i
1106,i
5802,i
142,j
5074,j
1732,j
1780,j
859,j
1717,j
3178,j
5843,j
3234,j
2820,j
4736,k
4609,k
2448,k
197,k
5413,k
1235,k
3508,k
5768,k
5233,k
450,k
5873,k
1451,k
5766,k
2167,l
5999,l
4063,l
1019,l
2849,l
4731,l
5329,l
6227,l
4042,l
5568,l
427,l
2761,l
1058,l
1200,l
5320,l
1596,l
5712,l
6275,l
2855,l
4287,l
1186,l
5906,l
3350,l
1354,l
4101,l
4944,l
5349,l
2531,l
3320,l
3316,l
5810,l
3666,l
3652,l
422,l
3120,l
2856,l
4771,l
6017,m
4068,m
4136,m
579,m
3632,m
1361,m
2555,m
755,m
3333,m
3595,m
207,m
1490,m
2423,m
4223,m
1788,m
3669,m
3156,m
2955,m
3122,m
3533,m
4985,m
4489,m
3594,n
1557,n
2756,n
5979,n
2507,n
2150,n
3980,n
1114,n
3987,n
5010,n
1375,n
4929,n
4900,n
5717,n
3212,n
4908,n
4993,n
2859,n
1171,n
957,n
5359,n
1022,n
5693,n
4103,n
5448,n
1003,n
676,n
253,n
3221,n
6191,n
2745,n
3864,n
1937,n
2552,n
3049,n
3318,n
3431,n
1267,n
5360,n
3487,n
156,n
2816,n
4866,n
3014,n
1709,n
4436,n
5001,n
1903,n
667,n
3960,n
3037,n
5930,n
2061,n
4176,n
3837,n
3977,n
2258,n
2275,n
6252,n
110,n
3028,n
6230,n
1129,o
3453,o
126,o
1858,o
3454,o
3943,o
4598,o
6067,o
6222,o
4596,o
4855,o
4203,o
1698,o
3698,o
6119,o
1073,o
3733,o
4284,o
5986,o
3450,o
2911,o
6122,o
1226,o
2695,o
4999,o
1284,o
72,o
6100,o
5487,o
729,o
269,o
2587,o
2845,o
5276,o
4416,o
1049,o
5694,o
2516,o
3984,o
5538,o
1027,o
3631,o
4685,o
5006,o
4264,o
4466,o
4868,o
2239,o
5596,o
3101,o
3040,o
3360,o
1967,o
5625,o
2466,o
5431,o
4067,o
1074,o
1914,o
3074,o
6269,o
4024,o
3665,o
3536,o
6204,p
913,p
243,p
4953,p
4110,p
6092,p
4666,p
747,p
4538,p
5450,p
4721,p
3558,p
6231,p
649,p
399,p
903,p
4599,p
2687,p
2290,q
481,q
5551,q
2901,q
4192,q
5212,q
3292,q
1645,q
5345,q
147,q
3396,q
1673,q
1601,q
4422,q
3250,r
2183,r
3928,r
1095,r
3495,r
3526,r
4553,r
443,r
1529,r
2748,r
1453,r
5271,r
1150,r
5666,r
94,r
586,r
6253,r
1551,r
2338,r
966,r
3176,r
1370,r
5458,r
1376,r
3489,r
132,r
1197,r
4817,r
1296,r
5690,r
99,r
4366,r
1032,r
3711,r
2875,r
4623,r
1569,r
2417,r
4841,r
2169,r
3714,r
2692,r
3226,r
1289,r
2421,r
1808,r
3141,r
6129,r
3796,r
3604,r
5105,r
1060,r
3272,r
4955,r
6172,r
3954,r
1316,r
1553,r
5259,r
1001,r
919,r
1428,s
2306,s
2574,s
4238,s
5258,s
5159,s
1860,s
5038,s
2990,s
5274,s
4933,s
5991,s
3110,s
2433,s
3494,s
1140,s
4677,s
1764,s
5397,s
4540,s
1801,s
1059,s
387,s
6146,s
4249,s
5894,s
2757,s
2465,s
3828,s
5896,s
4642,s
2946,s
1501,s
4157,s
2301,s
3341,s
2006,s
726,s
2870,s
715,s
3294,s
5229,s
5197,s
5587,s
3437,s
1507,s
5572,s
2709,t
6180,t
4585,t
524,t
1963,t
1804,t
5968,t
2165,t
2902,t
2233,t
827,t
3186,t
2970,t
3697,t
4759,t
5716,t
3466,t
364,t
4020,t
3611,t
1477,t
3645,t
389,t
1701,t
934,t
2487,t
436,t
161,t
4215,t
6193,t
3167,t
2376,t
3883,t
5291,t
731,t
5260,t
189,t
5826,t
228,t
1415,t
2825,t
1518,t
4676,t
5498,t
3082,t
3177,t
15,t
179,t
4446,t
4116,t
5020,t
2621,t
4782,t
4687,u
230,u
580,u
2559,u
6034,u
4733,u
136,u
565,u
5414,u
5163,u
4337,u
655,u
2435,u
4256,u
1181,u
1953,u
2287,u
14,u
5881,u
5227,v
1567,v
6065,v
1637,v
1881,v
3585,v
4739,v
4095,v
2612,v
4437,v
760,v
4762,w
74,w
3885,w
1275,w
5350,w
4421,w
3618,w
787,w
4663,w
25,w
2065,w
5630,w
1866,x
4569,x
5557,x
5594,x
2833,x
1956,x
2247,x
5856,x
4862,x
190,x
1613,x
6025,y
1643,y
2034,y
3799,y
5566,y
1752,y
678,y
1308,y
3270,y
2477,y
1105,y
2613,y
5494,y
5046,y
2331,y
1185,y
3629,y
6101,y
6240,z
254,z
2546,z
5904,z
1411,z
4503,z
5357,z
2092,z
1892,z
232,z
3197,1
4429,1
6170,1
98,1
4441,1
1138,1
3055,1
2826,1
4404,1
5323,1
57,1
3018,1
5836,1
4726,1
1670,1
5919,1
1761,1
2457,1
5096,1
1478,1
1274,1
6138,1
2792,1
3639,1
48,1
3208,1
3926,1
1313,1
5358,1
3302,1
2363,1
2005,1
3994,2
4640,2
3484,2
470,2
2528,2
5678,2
81,2
3738,2
2625,2
5683,2
3071,2
5854,2
6255,2
5956,2
6116,2
1796,2
3912,2
4893,2
2093,2
5018,2
3342,2
4417,2
4038,2
4045,2
5938,2
761,2
668,2
857,2
5443,2
426,3
2424,3
2712,3
5985,3
1741,3
5178,3
6076,3
2359,3
3267,3
3354,3
149,3
4946,3
3540,3
6107,3
952,3
6095,3
2403,3
4519,3
5044,4
5100,4
4080,4
1219,4
3424,4
4244,4
3892,4
537,4
4680,4
1048,4
1850,4
2976,4
4252,4
5289,4
4190,4
1056,4
4464,4
1315,4
2614,5
1391,5
3680,5
773,5
3358,5
4381,5
1028,5
5062,5
2575,5
2489,5
1838,5
1368,5
247,5
2044,5
671,5
3583,5
1716,5
5224,5
5426,5
3236,5
2705,6
5853,6
1954,6
4803,6
4847,6
4656,6
904,6
1893,6
743,6
3605,6
4526,6
117,6
3335,6
50,6
5346,6
3385,6
2103,6
1975,6
2453,6
4952,6
71,6
567,7
3975,7
3425,7
5877,7
658,7
4943,7
4339,7
1797,7
1127,7
2630,7
6216,7
1714,7
3348,7
3427,7
6036,7
4263,8
2929,8
2742,8
6219,8
2102,8
2131,8
2949,8
5014,8
2147,8
6074,8
3699,9
5779,9
1023,9
1085,9
5432,9
825,9
886,9
1766,9
3515,9
3500,9
3598,9
2288,9
3295,9
5536,9
1830,9
499,9
6211,9
5848,9
235,0
4764,0
1121,0
5481,0
2380,0
1237,0
2324,0
4937,0
4668,0
3775,0
3755,0
5981,0
2264,0
5537,0
3959,0
3383,0
498,0
3955,0
5747,0
5057,0
3766,0
1899,0
4938,0
5114,0
5464,0
5470,0
4102,0
1873,0
707,0
3913,0
42,0
1563,0
654,0
2317,0
2260,0
3930,0
5685,0
3172,0
2635,0
